{"cameraMode":{"drawMode":0,"name":"Shaded","section":"Shading Mode"},"sceneLighting":false,"audioPlay":false,"sceneViewState":{"showFog":true,"showMaterialUpdate":false,"showSkybox":true,"showFlares":true,"showImageEffects":true,"showParticleSystems":true},"in2DMode":false,"pivot":{"x":6.700523376464844,"y":-0.4772531986236572,"z":-0.7706770896911621},"rotation":{"x":0.17785358428955079,"y":-0.007967536337673664,"z":0.0014399175997823477,"w":0.9840236902236939},"size":5.7157673835754398,"orthographic":false}