{"cameraMode":{"drawMode":0,"name":"Shaded","section":"Shading Mode"},"sceneLighting":true,"audioPlay":false,"sceneViewState":{"showFog":true,"showMaterialUpdate":false,"showSkybox":true,"showFlares":true,"showImageEffects":true,"showParticleSystems":true},"in2DMode":false,"pivot":{"x":0.8517201542854309,"y":2.6316518783569338,"z":-9.697478294372559},"rotation":{"x":0.10803341120481491,"y":-0.03488341346383095,"z":0.0037928330712020399,"w":0.9935278296470642},"size":1.3578839302062989,"orthographic":false}