{"cameraMode":{"drawMode":0,"name":"Shaded","section":"Shading Mode"},"sceneLighting":false,"audioPlay":false,"sceneViewState":{"showFog":true,"showMaterialUpdate":false,"showSkybox":true,"showFlares":true,"showImageEffects":true,"showParticleSystems":true},"in2DMode":false,"pivot":{"x":0.20050175487995149,"y":0.11808030307292938,"z":-7.800027847290039},"rotation":{"x":-0.1511753499507904,"y":-0.026095546782016755,"z":0.003992236685007811,"w":-0.988154411315918},"size":2.5286262035369875,"orthographic":false}