{"cameraMode":{"drawMode":0,"name":"Shaded","section":"Shading Mode"},"sceneLighting":false,"audioPlay":false,"sceneViewState":{"showFog":true,"showMaterialUpdate":false,"showSkybox":true,"showFlares":true,"showImageEffects":true,"showParticleSystems":true},"in2DMode":false,"pivot":{"x":-0.022999942302703859,"y":1.0937564373016358,"z":0.0},"rotation":{"x":-0.17635151743888856,"y":0.013732919469475747,"z":-0.0024914115201681854,"w":-0.9842283129692078},"size":5.228626728057861,"orthographic":false}