{"cameraMode":{"drawMode":0,"name":"Shaded","section":"Shading Mode"},"sceneLighting":false,"audioPlay":false,"sceneViewState":{"showFog":true,"showMaterialUpdate":false,"showSkybox":true,"showFlares":true,"showImageEffects":true,"showParticleSystems":true},"in2DMode":false,"pivot":{"x":0.6153290867805481,"y":0.8241149187088013,"z":-8.026480674743653},"rotation":{"x":-0.06169476732611656,"y":0.04535379633307457,"z":-0.002836845815181732,"w":-0.9970600605010986},"size":4.028625965118408,"orthographic":false}